Pair,Mean_Residual,T_test_pval,n,Overall_Mean_Residual,Feature,P_value_adj
GREAT PLAINS_GREAT PLAINS,0.056638952,5.57201583169351e-13,11628,-2.89E-16,avg_sylls_upper_freq_Hz,1.06274209240247e-12
GREAT PLAINS_MARINE WEST COAST FOREST,-0.012989893,0.006553968,31671,-2.89E-16,avg_sylls_upper_freq_Hz,0.008540918
GREAT PLAINS_MEDITERRANEAN CALIFORNIA,0.078493449,1.37993611753039e-47,31518,-2.89E-16,avg_sylls_upper_freq_Hz,6.11417848998081e-47
GREAT PLAINS_NORTH AMERICAN DESERTS,0.048333077,5.23832072566539e-16,22338,-2.89E-16,avg_sylls_upper_freq_Hz,1.19733045158066e-15
GREAT PLAINS_NORTHWESTERN FORESTED MOUNTAINS,0.040621668,2.06791723999543e-13,25398,-2.89E-16,avg_sylls_upper_freq_Hz,3.99704808804486e-13
GREAT PLAINS_SOUTHERN SEMIARID HIGHLANDS,-0.011483619,0.157817234,13158,-2.89E-16,avg_sylls_upper_freq_Hz,0.173478486
GREAT PLAINS_TEMPERATE SIERRAS,-0.13381958,1.25616352088286e-115,16983,-2.89E-16,avg_sylls_upper_freq_Hz,2.26109433758915e-114
GREAT PLAINS_TROPICAL DRY FORESTS,-0.235764454,6.1598704267208e-40,1530,-2.89E-16,avg_sylls_upper_freq_Hz,2.36539024386079e-39
MARINE WEST COAST FOREST_MARINE WEST COAST FOREST,-0.042792602,8.73653172278385e-14,21321,-2.89E-16,avg_sylls_upper_freq_Hz,1.73525595597362e-13
MARINE WEST COAST FOREST_MEDITERRANEAN CALIFORNIA,0.073828764,1.11477929388825e-55,42642,-2.89E-16,avg_sylls_upper_freq_Hz,5.73315065428241e-55
MARINE WEST COAST FOREST_NORTH AMERICAN DESERTS,0.032440456,1.39056229189017e-10,30222,-2.89E-16,avg_sylls_upper_freq_Hz,2.39809544948723e-10
MARINE WEST COAST FOREST_NORTHWESTERN FORESTED MOUNTAINS,0.023182483,8.77946220601204e-07,34362,-2.89E-16,avg_sylls_upper_freq_Hz,1.29665903350332e-06
MARINE WEST COAST FOREST_SOUTHERN SEMIARID HIGHLANDS,-0.036864411,7.16544314248989e-08,17802,-2.89E-16,avg_sylls_upper_freq_Hz,1.13387232144895e-07
MARINE WEST COAST FOREST_TEMPERATE SIERRAS,-0.13726904,5.82215430232906e-164,22977,-2.89E-16,avg_sylls_upper_freq_Hz,2.39540062724396e-162
MARINE WEST COAST FOREST_TROPICAL DRY FORESTS,-0.093592853,1.70761158676194e-08,2070,-2.89E-16,avg_sylls_upper_freq_Hz,2.71708362976485e-08
MEDITERRANEAN CALIFORNIA_MEDITERRANEAN CALIFORNIA,0.146907837,7.27495649121729e-100,21115,-2.89E-16,avg_sylls_upper_freq_Hz,8.38074987788232e-99
MEDITERRANEAN CALIFORNIA_NORTH AMERICAN DESERTS,0.059808753,8.10801729458779e-31,30076,-2.89E-16,avg_sylls_upper_freq_Hz,2.65353293277419e-30
MEDITERRANEAN CALIFORNIA_NORTHWESTERN FORESTED MOUNTAINS,0.041281275,1.38236444671314e-17,34196,-2.89E-16,avg_sylls_upper_freq_Hz,3.3455542912049e-17
MEDITERRANEAN CALIFORNIA_SOUTHERN SEMIARID HIGHLANDS,-0.048126761,1.35436007357067e-13,17716,-2.89E-16,avg_sylls_upper_freq_Hz,2.65344014413845e-13
MEDITERRANEAN CALIFORNIA_TEMPERATE SIERRAS,-0.099629082,8.08562603328934e-84,22866,-2.89E-16,avg_sylls_upper_freq_Hz,7.05654635632524e-83
MEDITERRANEAN CALIFORNIA_TROPICAL DRY FORESTS,-0.196521699,1.26098871788098e-34,2060,-2.89E-16,avg_sylls_upper_freq_Hz,4.42883842377712e-34
NORTH AMERICAN DESERTS_NORTH AMERICAN DESERTS,0.070233008,9.6454041469416e-16,10585,-2.89E-16,avg_sylls_upper_freq_Hz,2.17021593306186e-15
NORTH AMERICAN DESERTS_NORTHWESTERN FORESTED MOUNTAINS,0.048886912,1.88371387222337e-17,24236,-2.89E-16,avg_sylls_upper_freq_Hz,4.48355037355646e-17
NORTH AMERICAN DESERTS_SOUTHERN SEMIARID HIGHLANDS,-0.049719944,1.78683331186442e-11,12556,-2.89E-16,avg_sylls_upper_freq_Hz,3.19632294296245e-11
NORTH AMERICAN DESERTS_TEMPERATE SIERRAS,-0.101022322,2.09387118542692e-62,16206,-2.89E-16,avg_sylls_upper_freq_Hz,1.28305298170841e-61
NORTH AMERICAN DESERTS_TROPICAL DRY FORESTS,-0.290093088,4.05324486524951e-57,1460,-2.89E-16,avg_sylls_upper_freq_Hz,2.12242640216701e-56
NORTHWESTERN FORESTED MOUNTAINS_NORTHWESTERN FORESTED MOUNTAINS,0.061238796,9.37034471296052e-16,13695,-2.89E-16,avg_sylls_upper_freq_Hz,2.12492856482884e-15
NORTHWESTERN FORESTED MOUNTAINS_SOUTHERN SEMIARID HIGHLANDS,-0.017495165,0.016902161,14276,-2.89E-16,avg_sylls_upper_freq_Hz,0.020802659
NORTHWESTERN FORESTED MOUNTAINS_TEMPERATE SIERRAS,-0.107472019,4.89799707849328e-78,18426,-2.89E-16,avg_sylls_upper_freq_Hz,3.90184366270648e-77
NORTHWESTERN FORESTED MOUNTAINS_TROPICAL DRY FORESTS,-0.114686558,9.0117070064397e-11,1660,-2.89E-16,avg_sylls_upper_freq_Hz,1.56347687822568e-10
SOUTHERN SEMIARID HIGHLANDS_SOUTHERN SEMIARID HIGHLANDS,-0.011182397,0.456958323,3655,-2.89E-16,avg_sylls_upper_freq_Hz,0.473395672
SOUTHERN SEMIARID HIGHLANDS_TEMPERATE SIERRAS,-0.123304631,1.7411121959034e-58,9546,-2.89E-16,avg_sylls_upper_freq_Hz,9.64308293115731e-58
SOUTHERN SEMIARID HIGHLANDS_TROPICAL DRY FORESTS,-0.195810081,1.63214530289062e-14,860,-2.89E-16,avg_sylls_upper_freq_Hz,3.38171113116906e-14
TEMPERATE SIERRAS_TEMPERATE SIERRAS,-0.13524412,4.8860373956164e-43,6105,-2.89E-16,avg_sylls_upper_freq_Hz,2.03938952164859e-42
TEMPERATE SIERRAS_TROPICAL DRY FORESTS,-0.246504288,1.13475613471852e-31,1110,-2.89E-16,avg_sylls_upper_freq_Hz,3.84482078586982e-31
TROPICAL DRY FORESTS_TROPICAL DRY FORESTS,-0.213048537,0.077868887,45,-2.89E-16,avg_sylls_upper_freq_Hz,0.089347567
GREAT PLAINS_GREAT PLAINS,-0.18153621,4.99307167616582e-154,11628,5.03747154615405e-17,avg_sylls_lower_freq_Hz,1.59778293637306e-152
GREAT PLAINS_MARINE WEST COAST FOREST,-0.038705395,1.11439306489091e-15,31671,5.03747154615405e-17,avg_sylls_lower_freq_Hz,2.4733704824234e-15
GREAT PLAINS_MEDITERRANEAN CALIFORNIA,-0.092065859,3.93897442018198e-88,31518,5.03747154615405e-17,avg_sylls_lower_freq_Hz,3.91180907935314e-87
GREAT PLAINS_NORTH AMERICAN DESERTS,-0.048733214,2.18447507137983e-17,22338,5.03747154615405e-17,avg_sylls_lower_freq_Hz,5.15679361112614e-17
GREAT PLAINS_NORTHWESTERN FORESTED MOUNTAINS,0.096253282,5.74850446690617e-55,25398,5.03747154615405e-17,avg_sylls_lower_freq_Hz,2.85442980425686e-54
GREAT PLAINS_SOUTHERN SEMIARID HIGHLANDS,0.14250854,1.74327927444144e-63,13158,5.03747154615405e-17,avg_sylls_lower_freq_Hz,1.09144441530247e-62
GREAT PLAINS_TEMPERATE SIERRAS,-0.012026478,0.056056491,16983,5.03747154615405e-17,avg_sylls_lower_freq_Hz,0.066165038
GREAT PLAINS_TROPICAL DRY FORESTS,-0.092109686,2.27051716176778e-06,1530,5.03747154615405e-17,avg_sylls_lower_freq_Hz,3.30257041711678e-06
MARINE WEST COAST FOREST_MARINE WEST COAST FOREST,-0.014980987,0.012392097,21321,5.03747154615405e-17,avg_sylls_lower_freq_Hz,0.015722131
MARINE WEST COAST FOREST_MEDITERRANEAN CALIFORNIA,-0.101525448,2.57098503527777e-145,42642,5.03747154615405e-17,avg_sylls_lower_freq_Hz,7.40443690159997e-144
MARINE WEST COAST FOREST_NORTH AMERICAN DESERTS,-0.08349471,6.94449760187036e-67,30222,5.03747154615405e-17,avg_sylls_lower_freq_Hz,4.65119839381084e-66
MARINE WEST COAST FOREST_NORTHWESTERN FORESTED MOUNTAINS,0.086493343,6.12565802928349e-62,34362,5.03747154615405e-17,avg_sylls_lower_freq_Hz,3.6753948175701e-61
MARINE WEST COAST FOREST_SOUTHERN SEMIARID HIGHLANDS,0.107103037,3.33619789581338e-49,17802,5.03747154615405e-17,avg_sylls_lower_freq_Hz,1.5497177322488e-48
MARINE WEST COAST FOREST_TEMPERATE SIERRAS,-0.03409586,3.72557903731393e-10,22977,5.03747154615405e-17,avg_sylls_lower_freq_Hz,6.31156919262596e-10
MARINE WEST COAST FOREST_TROPICAL DRY FORESTS,0.049570709,0.008635555,2070,5.03747154615405e-17,avg_sylls_lower_freq_Hz,0.011152645
MEDITERRANEAN CALIFORNIA_MEDITERRANEAN CALIFORNIA,-0.073606696,1.08207956837864e-38,21115,5.03747154615405e-17,avg_sylls_lower_freq_Hz,3.94479640117783e-38
MEDITERRANEAN CALIFORNIA_NORTH AMERICAN DESERTS,-0.070678746,4.16541733762894e-48,30076,5.03747154615405e-17,avg_sylls_lower_freq_Hz,1.87443780193302e-47
MEDITERRANEAN CALIFORNIA_NORTHWESTERN FORESTED MOUNTAINS,0.12079811,1.46847200034403e-110,34196,5.03747154615405e-17,avg_sylls_lower_freq_Hz,2.4877643299946e-109
MEDITERRANEAN CALIFORNIA_SOUTHERN SEMIARID HIGHLANDS,0.045455016,3.07339164382994e-11,17716,5.03747154615405e-17,avg_sylls_lower_freq_Hz,5.39717556965257e-11
MEDITERRANEAN CALIFORNIA_TEMPERATE SIERRAS,-0.057730027,1.59150866542472e-26,22866,5.03747154615405e-17,avg_sylls_lower_freq_Hz,4.72530407878681e-26
MEDITERRANEAN CALIFORNIA_TROPICAL DRY FORESTS,-0.01850975,0.301568936,2060,5.03747154615405e-17,avg_sylls_lower_freq_Hz,0.320486545
NORTH AMERICAN DESERTS_NORTH AMERICAN DESERTS,-0.072571265,1.47481214040322e-19,10585,5.03747154615405e-17,avg_sylls_lower_freq_Hz,3.69344257770545e-19
NORTH AMERICAN DESERTS_NORTHWESTERN FORESTED MOUNTAINS,0.131130477,1.45063023405174e-91,24236,5.03747154615405e-17,avg_sylls_lower_freq_Hz,1.54733891632185e-90
NORTH AMERICAN DESERTS_SOUTHERN SEMIARID HIGHLANDS,0.000200824,0.978666483,12556,5.03747154615405e-17,avg_sylls_lower_freq_Hz,0.978666483
NORTH AMERICAN DESERTS_TEMPERATE SIERRAS,-0.034285236,8.59829711502594e-08,16206,5.03747154615405e-17,avg_sylls_lower_freq_Hz,1.34582041800406e-07
NORTH AMERICAN DESERTS_TROPICAL DRY FORESTS,-0.01147901,0.595004565,1460,5.03747154615405e-17,avg_sylls_lower_freq_Hz,0.607664237
NORTHWESTERN FORESTED MOUNTAINS_NORTHWESTERN FORESTED MOUNTAINS,0.20039148,1.67170051445982e-110,13695,5.03747154615405e-17,avg_sylls_lower_freq_Hz,2.6747208231357e-109
NORTHWESTERN FORESTED MOUNTAINS_SOUTHERN SEMIARID HIGHLANDS,0.058582936,4.12304240969024e-15,14276,5.03747154615405e-17,avg_sylls_lower_freq_Hz,8.86146428351335e-15
NORTHWESTERN FORESTED MOUNTAINS_TEMPERATE SIERRAS,0.025645857,4.31902918285501e-05,18426,5.03747154615405e-17,avg_sylls_lower_freq_Hz,6.12748967813912e-05
NORTHWESTERN FORESTED MOUNTAINS_TROPICAL DRY FORESTS,-0.02033771,0.288583693,1660,5.03747154615405e-17,avg_sylls_lower_freq_Hz,0.308966928
SOUTHERN SEMIARID HIGHLANDS_SOUTHERN SEMIARID HIGHLANDS,0.153371693,1.71342613049281e-22,3655,5.03747154615405e-17,avg_sylls_lower_freq_Hz,4.69968310078028e-22
SOUTHERN SEMIARID HIGHLANDS_TEMPERATE SIERRAS,0.009009391,0.29086969,9546,5.03747154615405e-17,avg_sylls_lower_freq_Hz,0.310261002
SOUTHERN SEMIARID HIGHLANDS_TROPICAL DRY FORESTS,-0.131685801,3.04057231984151e-07,860,5.03747154615405e-17,avg_sylls_lower_freq_Hz,4.63325305880612e-07
TEMPERATE SIERRAS_TEMPERATE SIERRAS,0.02370579,0.025963945,6105,5.03747154615405e-17,avg_sylls_lower_freq_Hz,0.031684814
TEMPERATE SIERRAS_TROPICAL DRY FORESTS,-0.102808907,5.34561567117588e-06,1110,5.03747154615405e-17,avg_sylls_lower_freq_Hz,7.73636840853595e-06
TROPICAL DRY FORESTS_TROPICAL DRY FORESTS,0.114713577,0.386690223,45,5.03747154615405e-17,avg_sylls_lower_freq_Hz,0.402046152
GREAT PLAINS_GREAT PLAINS,0.034367584,1.46846359059742e-05,11628,6.61992118597049e-16,max_sylls_freq_Hz,2.11458757046028e-05
GREAT PLAINS_MARINE WEST COAST FOREST,0.014162448,0.004326086,31671,6.61992118597049e-16,max_sylls_freq_Hz,0.00566324
GREAT PLAINS_MEDITERRANEAN CALIFORNIA,0.034690708,2.13226187169964e-11,31518,6.61992118597049e-16,max_sylls_freq_Hz,3.76743201870856e-11
GREAT PLAINS_NORTH AMERICAN DESERTS,0.07164828,4.67603166577651e-32,22338,6.61992118597049e-16,max_sylls_freq_Hz,1.60321085683766e-31
GREAT PLAINS_NORTHWESTERN FORESTED MOUNTAINS,0.022794178,2.5980307894203e-05,25398,6.61992118597049e-16,max_sylls_freq_Hz,3.70412310570815e-05
GREAT PLAINS_SOUTHERN SEMIARID HIGHLANDS,-0.045335516,1.09225779468253e-09,13158,6.61992118597049e-16,max_sylls_freq_Hz,1.82889677249167e-09
GREAT PLAINS_TEMPERATE SIERRAS,-0.131829824,2.43750977169693e-109,16983,6.61992118597049e-16,max_sylls_freq_Hz,3.69475165394061e-108
GREAT PLAINS_TROPICAL DRY FORESTS,-0.161621602,3.72700704567917e-20,1530,6.61992118597049e-16,max_sylls_freq_Hz,9.58373240317501e-20
MARINE WEST COAST FOREST_MARINE WEST COAST FOREST,-0.012960457,0.02594708,21321,6.61992118597049e-16,max_sylls_freq_Hz,0.031684814
MARINE WEST COAST FOREST_MEDITERRANEAN CALIFORNIA,0.041078981,3.74646819315587e-19,42642,6.61992118597049e-16,max_sylls_freq_Hz,9.30157620369733e-19
MARINE WEST COAST FOREST_NORTH AMERICAN DESERTS,0.066978705,1.58537636504276e-38,30222,6.61992118597049e-16,max_sylls_freq_Hz,5.70735491415393e-38
MARINE WEST COAST FOREST_NORTHWESTERN FORESTED MOUNTAINS,0.005378174,0.25064971,34362,6.61992118597049e-16,max_sylls_freq_Hz,0.271380137
MARINE WEST COAST FOREST_SOUTHERN SEMIARID HIGHLANDS,-0.017716891,0.007107813,17802,6.61992118597049e-16,max_sylls_freq_Hz,0.009220946
MARINE WEST COAST FOREST_TEMPERATE SIERRAS,-0.120729434,2.09746091731678e-120,22977,6.61992118597049e-16,max_sylls_freq_Hz,4.64668264759411e-119
MARINE WEST COAST FOREST_TROPICAL DRY FORESTS,-0.150378058,1.85500189995419e-20,2070,6.61992118597049e-16,max_sylls_freq_Hz,4.81297790258383e-20
MEDITERRANEAN CALIFORNIA_MEDITERRANEAN CALIFORNIA,0.104755472,1.44739268413456e-55,21115,6.61992118597049e-16,max_sylls_freq_Hz,7.31314198299565e-55
MEDITERRANEAN CALIFORNIA_NORTH AMERICAN DESERTS,0.088870092,1.6077935763613e-63,30076,6.61992118597049e-16,max_sylls_freq_Hz,1.02898788887123e-62
MEDITERRANEAN CALIFORNIA_NORTHWESTERN FORESTED MOUNTAINS,0.036111495,1.86365920485076e-14,34196,6.61992118597049e-16,max_sylls_freq_Hz,3.83381322140728e-14
MEDITERRANEAN CALIFORNIA_SOUTHERN SEMIARID HIGHLANDS,-0.013903496,0.029708625,17716,6.61992118597049e-16,max_sylls_freq_Hz,0.035799515
MEDITERRANEAN CALIFORNIA_TEMPERATE SIERRAS,-0.079055234,2.99722087644809e-48,22866,6.61992118597049e-16,max_sylls_freq_Hz,1.3701581149477e-47
MEDITERRANEAN CALIFORNIA_TROPICAL DRY FORESTS,-0.134241926,6.78389678958983e-17,2060,6.61992118597049e-16,max_sylls_freq_Hz,1.58842461414786e-16
NORTH AMERICAN DESERTS_NORTH AMERICAN DESERTS,0.083404316,1.22726968127459e-21,10585,6.61992118597049e-16,max_sylls_freq_Hz,3.30330531034655e-21
NORTH AMERICAN DESERTS_NORTHWESTERN FORESTED MOUNTAINS,0.041390643,5.74709934935593e-14,24236,6.61992118597049e-16,max_sylls_freq_Hz,1.1574577710591e-13
NORTH AMERICAN DESERTS_SOUTHERN SEMIARID HIGHLANDS,-0.028898013,7.72383679550409e-05,12556,6.61992118597049e-16,max_sylls_freq_Hz,0.000109042
NORTH AMERICAN DESERTS_TEMPERATE SIERRAS,-0.100935593,1.15381414836724e-57,16206,6.61992118597049e-16,max_sylls_freq_Hz,6.1536754579586e-57
NORTH AMERICAN DESERTS_TROPICAL DRY FORESTS,-0.192772784,3.16869507545997e-25,1460,6.61992118597049e-16,max_sylls_freq_Hz,9.03548694784625e-25
NORTHWESTERN FORESTED MOUNTAINS_NORTHWESTERN FORESTED MOUNTAINS,0.009694816,0.172731483,13695,6.61992118597049e-16,max_sylls_freq_Hz,0.189150825
NORTHWESTERN FORESTED MOUNTAINS_SOUTHERN SEMIARID HIGHLANDS,-0.030536306,2.07615000048686e-05,14276,6.61992118597049e-16,max_sylls_freq_Hz,2.97478209024982e-05
NORTHWESTERN FORESTED MOUNTAINS_TEMPERATE SIERRAS,-0.109496754,2.04918377773283e-77,18426,6.61992118597049e-16,max_sylls_freq_Hz,1.55306559996593e-76
NORTHWESTERN FORESTED MOUNTAINS_TROPICAL DRY FORESTS,-0.130999323,6.96617075163084e-13,1660,6.61992118597049e-16,max_sylls_freq_Hz,1.31990603715111e-12
SOUTHERN SEMIARID HIGHLANDS_SOUTHERN SEMIARID HIGHLANDS,-0.070885174,1.95515780651284e-07,3655,6.61992118597049e-16,max_sylls_freq_Hz,3.01115212981656e-07
SOUTHERN SEMIARID HIGHLANDS_TEMPERATE SIERRAS,-0.10492027,2.71791863285178e-40,9546,6.61992118597049e-16,max_sylls_freq_Hz,1.05778454900177e-39
SOUTHERN SEMIARID HIGHLANDS_TROPICAL DRY FORESTS,-0.183079711,1.62999240186172e-13,860,6.61992118597049e-16,max_sylls_freq_Hz,3.1718771063255e-13
TEMPERATE SIERRAS_TEMPERATE SIERRAS,-0.100331083,1.00015312946609e-22,6105,6.61992118597049e-16,max_sylls_freq_Hz,2.76965482005993e-22
TEMPERATE SIERRAS_TROPICAL DRY FORESTS,-0.129381357,1.41976742482479e-08,1110,6.61992118597049e-16,max_sylls_freq_Hz,2.27162787971967e-08
TROPICAL DRY FORESTS_TROPICAL DRY FORESTS,-0.101781765,0.318230384,45,6.61992118597049e-16,max_sylls_freq_Hz,0.336949818
GREAT PLAINS_GREAT PLAINS,-0.190801347,5.13198861566373e-169,11628,4.42845242586449e-16,min_sylls_freq_Hz,2.46335453551859e-167
GREAT PLAINS_MARINE WEST COAST FOREST,0.017239488,0.000625044,31671,4.42845242586449e-16,min_sylls_freq_Hz,0.000853141
GREAT PLAINS_MEDITERRANEAN CALIFORNIA,-0.033310084,1.35699240462222e-11,31518,4.42845242586449e-16,min_sylls_freq_Hz,2.44258632831999e-11
GREAT PLAINS_NORTH AMERICAN DESERTS,-0.012991296,0.027862846,22338,4.42845242586449e-16,min_sylls_freq_Hz,0.033716385
GREAT PLAINS_NORTHWESTERN FORESTED MOUNTAINS,-0.009905374,0.085860472,25398,4.42845242586449e-16,min_sylls_freq_Hz,0.097353606
GREAT PLAINS_SOUTHERN SEMIARID HIGHLANDS,0.134020912,2.06846085176516e-59,13158,4.42845242586449e-16,min_sylls_freq_Hz,1.21574841899667e-58
GREAT PLAINS_TEMPERATE SIERRAS,-0.021218605,0.003019748,16983,4.42845242586449e-16,min_sylls_freq_Hz,0.003971175
GREAT PLAINS_TROPICAL DRY FORESTS,-0.051774328,0.016349314,1530,4.42845242586449e-16,min_sylls_freq_Hz,0.020258546
MARINE WEST COAST FOREST_MARINE WEST COAST FOREST,0.042572499,2.12754105148916e-11,21321,4.42845242586449e-16,min_sylls_freq_Hz,3.76743201870856e-11
MARINE WEST COAST FOREST_MEDITERRANEAN CALIFORNIA,-0.022564921,9.59625535851242e-08,42642,4.42845242586449e-16,min_sylls_freq_Hz,1.49390353689274e-07
MARINE WEST COAST FOREST_NORTH AMERICAN DESERTS,-0.000367945,0.943058707,30222,4.42845242586449e-16,min_sylls_freq_Hz,0.946344626
MARINE WEST COAST FOREST_NORTHWESTERN FORESTED MOUNTAINS,0.005936268,0.240820224,34362,4.42845242586449e-16,min_sylls_freq_Hz,0.261721602
MARINE WEST COAST FOREST_SOUTHERN SEMIARID HIGHLANDS,0.15470387,3.08245206453492e-101,17802,4.42845242586449e-16,min_sylls_freq_Hz,3.69894247744191e-100
MARINE WEST COAST FOREST_TEMPERATE SIERRAS,-0.005883596,0.338477547,22977,4.42845242586449e-16,min_sylls_freq_Hz,0.355431666
MARINE WEST COAST FOREST_TROPICAL DRY FORESTS,-0.012965402,0.469833294,2070,4.42845242586449e-16,min_sylls_freq_Hz,0.484989207
MEDITERRANEAN CALIFORNIA_MEDITERRANEAN CALIFORNIA,-0.020358759,0.00076445,21115,4.42845242586449e-16,min_sylls_freq_Hz,0.001033622
MEDITERRANEAN CALIFORNIA_NORTH AMERICAN DESERTS,-0.010410681,0.043007071,30076,4.42845242586449e-16,min_sylls_freq_Hz,0.051608485
MEDITERRANEAN CALIFORNIA_NORTHWESTERN FORESTED MOUNTAINS,-0.018959637,0.0001224,34196,4.42845242586449e-16,min_sylls_freq_Hz,0.000170295
MEDITERRANEAN CALIFORNIA_SOUTHERN SEMIARID HIGHLANDS,0.081303963,3.38109799362785e-31,17716,4.42845242586449e-16,min_sylls_freq_Hz,1.13227467693584e-30
MEDITERRANEAN CALIFORNIA_TEMPERATE SIERRAS,-0.03932,1.34073028980483e-11,22866,4.42845242586449e-16,min_sylls_freq_Hz,2.42849260040121e-11
MEDITERRANEAN CALIFORNIA_TROPICAL DRY FORESTS,-0.029903915,0.144493406,2060,4.42845242586449e-16,min_sylls_freq_Hz,0.159440999
NORTH AMERICAN DESERTS_NORTH AMERICAN DESERTS,0.008007548,0.349981415,10585,4.42845242586449e-16,min_sylls_freq_Hz,0.365197999
NORTH AMERICAN DESERTS_NORTHWESTERN FORESTED MOUNTAINS,-0.005724792,0.33148685,24236,4.42845242586449e-16,min_sylls_freq_Hz,0.349700413
NORTH AMERICAN DESERTS_SOUTHERN SEMIARID HIGHLANDS,0.014450184,0.061651091,12556,4.42845242586449e-16,min_sylls_freq_Hz,0.072471487
NORTH AMERICAN DESERTS_TEMPERATE SIERRAS,-0.000755734,0.914384953,16206,4.42845242586449e-16,min_sylls_freq_Hz,0.927263615
NORTH AMERICAN DESERTS_TROPICAL DRY FORESTS,-0.120374248,6.29588343773431e-09,1460,4.42845242586449e-16,min_sylls_freq_Hz,1.03023547162925e-08
NORTHWESTERN FORESTED MOUNTAINS_NORTHWESTERN FORESTED MOUNTAINS,0.014381363,0.070614718,13695,4.42845242586449e-16,min_sylls_freq_Hz,0.081674854
NORTHWESTERN FORESTED MOUNTAINS_SOUTHERN SEMIARID HIGHLANDS,0.059423291,9.57804362562027e-15,14276,4.42845242586449e-16,min_sylls_freq_Hz,2.04331597346566e-14
NORTHWESTERN FORESTED MOUNTAINS_TEMPERATE SIERRAS,-0.049956234,1.43634173812211e-14,18426,4.42845242586449e-16,min_sylls_freq_Hz,2.99758275782006e-14
NORTHWESTERN FORESTED MOUNTAINS_TROPICAL DRY FORESTS,0.055236725,0.014461316,1660,4.42845242586449e-16,min_sylls_freq_Hz,0.018187158
SOUTHERN SEMIARID HIGHLANDS_SOUTHERN SEMIARID HIGHLANDS,0.120002201,1.31009944950759e-14,3655,4.42845242586449e-16,min_sylls_freq_Hz,2.75407767487727e-14
SOUTHERN SEMIARID HIGHLANDS_TEMPERATE SIERRAS,-0.04893732,2.96526585832337e-07,9546,4.42845242586449e-16,min_sylls_freq_Hz,4.54253493189964e-07
SOUTHERN SEMIARID HIGHLANDS_TROPICAL DRY FORESTS,-0.065128737,0.015611966,860,4.42845242586449e-16,min_sylls_freq_Hz,0.019548896
TEMPERATE SIERRAS_TEMPERATE SIERRAS,0.042552341,0.000570136,6105,4.42845242586449e-16,min_sylls_freq_Hz,0.000781901
TEMPERATE SIERRAS_TROPICAL DRY FORESTS,-0.18910329,1.11645195387167e-15,1110,4.42845242586449e-16,min_sylls_freq_Hz,2.4733704824234e-15
TROPICAL DRY FORESTS_TROPICAL DRY FORESTS,0.010035197,0.935838478,45,4.42845242586449e-16,min_sylls_freq_Hz,0.942382803
GREAT PLAINS_GREAT PLAINS,-0.079047091,8.70948079883785e-27,11628,-7.31E-16,overall_sylls_freq_range_Hz,2.64034786322663e-26
GREAT PLAINS_MARINE WEST COAST FOREST,-0.0207513,8.43231988312907e-05,31671,-7.31E-16,overall_sylls_freq_range_Hz,0.000118464
GREAT PLAINS_MEDITERRANEAN CALIFORNIA,-0.044633771,1.29904368758062e-19,31518,-7.31E-16,overall_sylls_freq_range_Hz,3.28179457915103e-19
GREAT PLAINS_NORTH AMERICAN DESERTS,0.196994862,7.02305740363471e-185,22338,-7.31E-16,overall_sylls_freq_range_Hz,4.0452810644936e-183
GREAT PLAINS_NORTHWESTERN FORESTED MOUNTAINS,0.033703464,1.13484026753378e-09,25398,-7.31E-16,overall_sylls_freq_range_Hz,1.88921385577878e-09
GREAT PLAINS_SOUTHERN SEMIARID HIGHLANDS,-0.000726384,0.919978079,13158,-7.31E-16,overall_sylls_freq_range_Hz,0.929662059
GREAT PLAINS_TEMPERATE SIERRAS,-0.2106368,2.16751959329095e-288,16983,-7.31E-16,overall_sylls_freq_range_Hz,6.24245642867794e-286
GREAT PLAINS_TROPICAL DRY FORESTS,-0.309269746,5.01278526111597e-78,1530,-7.31E-16,overall_sylls_freq_range_Hz,3.90184366270648e-77
MARINE WEST COAST FOREST_MARINE WEST COAST FOREST,-0.036766166,2.17201619273527e-09,21321,-7.31E-16,overall_sylls_freq_range_Hz,3.57451807718718e-09
MARINE WEST COAST FOREST_MEDITERRANEAN CALIFORNIA,-0.033024229,2.3058613677602e-14,42642,-7.31E-16,overall_sylls_freq_range_Hz,4.67667657686576e-14
MARINE WEST COAST FOREST_NORTH AMERICAN DESERTS,0.187082002,1.05740049727541e-238,30222,-7.31E-16,overall_sylls_freq_range_Hz,1.01510447738439e-236
MARINE WEST COAST FOREST_NORTHWESTERN FORESTED MOUNTAINS,0.014271903,0.002818046,34362,-7.31E-16,overall_sylls_freq_range_Hz,0.00374008
MARINE WEST COAST FOREST_SOUTHERN SEMIARID HIGHLANDS,0.069808735,3.60385173249645e-25,17802,-7.31E-16,overall_sylls_freq_range_Hz,1.01755813623429e-24
MARINE WEST COAST FOREST_TEMPERATE SIERRAS,-0.166029634,3.53475600278296e-209,22977,-7.31E-16,overall_sylls_freq_range_Hz,2.54502432200373e-207
MARINE WEST COAST FOREST_TROPICAL DRY FORESTS,-0.27666322,5.15466624035616e-70,2070,-7.31E-16,overall_sylls_freq_range_Hz,3.71135969305643e-69
MEDITERRANEAN CALIFORNIA_MEDITERRANEAN CALIFORNIA,0.00727088,0.238856047,21115,-7.31E-16,overall_sylls_freq_range_Hz,0.260570233
MEDITERRANEAN CALIFORNIA_NORTH AMERICAN DESERTS,0.210084224,4.07977284086844e-280,30076,-7.31E-16,overall_sylls_freq_range_Hz,5.87487289085055e-278
MEDITERRANEAN CALIFORNIA_NORTHWESTERN FORESTED MOUNTAINS,0.025425421,1.59797137487292e-07,34196,-7.31E-16,overall_sylls_freq_range_Hz,2.47427825786774e-07
MEDITERRANEAN CALIFORNIA_SOUTHERN SEMIARID HIGHLANDS,0.016389859,0.012153206,17716,-7.31E-16,overall_sylls_freq_range_Hz,0.015487271
MEDITERRANEAN CALIFORNIA_TEMPERATE SIERRAS,-0.078888317,2.63168067294966e-42,22866,-7.31E-16,overall_sylls_freq_range_Hz,1.08274861972786e-41
MEDITERRANEAN CALIFORNIA_TROPICAL DRY FORESTS,-0.329738638,1.37159696686137e-130,2060,-7.31E-16,overall_sylls_freq_range_Hz,3.59109024050976e-129
NORTH AMERICAN DESERTS_NORTH AMERICAN DESERTS,0.234681464,3.71100211972988e-128,10585,-7.31E-16,overall_sylls_freq_range_Hz,8.90640508735171e-127
NORTH AMERICAN DESERTS_NORTHWESTERN FORESTED MOUNTAINS,0.05907084,1.15548034081328e-25,24236,-7.31E-16,overall_sylls_freq_range_Hz,3.39569732810432e-25
NORTH AMERICAN DESERTS_SOUTHERN SEMIARID HIGHLANDS,0.007451373,0.339387875,12556,-7.31E-16,overall_sylls_freq_range_Hz,0.355431666
NORTH AMERICAN DESERTS_TEMPERATE SIERRAS,-0.094214183,1.27039684580974e-45,16206,-7.31E-16,overall_sylls_freq_range_Hz,5.46081032228664e-45
NORTH AMERICAN DESERTS_TROPICAL DRY FORESTS,-0.358346627,1.54326942940296e-117,1460,-7.31E-16,overall_sylls_freq_range_Hz,2.96307730445369e-116
NORTHWESTERN FORESTED MOUNTAINS_NORTHWESTERN FORESTED MOUNTAINS,0.011818995,0.102540288,13695,-7.31E-16,overall_sylls_freq_range_Hz,0.114908961
NORTHWESTERN FORESTED MOUNTAINS_SOUTHERN SEMIARID HIGHLANDS,0.038649651,4.83519056944918e-07,14276,-7.31E-16,overall_sylls_freq_range_Hz,7.32913096842824e-07
NORTHWESTERN FORESTED MOUNTAINS_TEMPERATE SIERRAS,-0.15971821,1.268503195034e-155,18426,-7.31E-16,overall_sylls_freq_range_Hz,4.5666115021224e-154
NORTHWESTERN FORESTED MOUNTAINS_TROPICAL DRY FORESTS,-0.322705381,2.50711302909365e-101,1660,-7.31E-16,overall_sylls_freq_range_Hz,3.13934153208248e-100
SOUTHERN SEMIARID HIGHLANDS_SOUTHERN SEMIARID HIGHLANDS,-0.008479595,0.520212556,3655,-7.31E-16,overall_sylls_freq_range_Hz,0.535075772
SOUTHERN SEMIARID HIGHLANDS_TEMPERATE SIERRAS,-0.173829647,6.91129325218217e-105,9546,-7.31E-16,overall_sylls_freq_range_Hz,9.04751116649302e-104
SOUTHERN SEMIARID HIGHLANDS_TROPICAL DRY FORESTS,-0.31959277,3.60538901331645e-53,860,-7.31E-16,overall_sylls_freq_range_Hz,1.7305867263919e-52
TEMPERATE SIERRAS_TEMPERATE SIERRAS,-0.167972007,2.14526250387955e-59,6105,-7.31E-16,overall_sylls_freq_range_Hz,1.23567120223462e-58
TEMPERATE SIERRAS_TROPICAL DRY FORESTS,-0.329740973,7.23415540256939e-65,1110,-7.31E-16,overall_sylls_freq_range_Hz,4.73508353622724e-64
TROPICAL DRY FORESTS_TROPICAL DRY FORESTS,-0.15709147,0.080128939,45,-7.31E-16,overall_sylls_freq_range_Hz,0.09121397
GREAT PLAINS_GREAT PLAINS,0.197542427,3.55608017651198e-118,11628,5.15964195506718e-16,largest_sylls_freq_range_Hz,7.31536493453893e-117
GREAT PLAINS_MARINE WEST COAST FOREST,0.101497413,6.69631699423438e-85,31671,5.15964195506718e-16,largest_sylls_freq_range_Hz,6.02668529481094e-84
GREAT PLAINS_MEDITERRANEAN CALIFORNIA,-0.043296665,6.07121785628943e-20,31518,5.15964195506718e-16,largest_sylls_freq_range_Hz,1.54735463947908e-19
GREAT PLAINS_NORTH AMERICAN DESERTS,0.101864584,3.57199759365465e-54,22338,5.15964195506718e-16,largest_sylls_freq_range_Hz,1.74361916436023e-53
GREAT PLAINS_NORTHWESTERN FORESTED MOUNTAINS,-0.026762538,7.8051799221422e-07,25398,5.15964195506718e-16,largest_sylls_freq_range_Hz,1.15870712246235e-06
GREAT PLAINS_SOUTHERN SEMIARID HIGHLANDS,-0.067889416,1.29502361510745e-20,13158,5.15964195506718e-16,largest_sylls_freq_range_Hz,3.3906072831904e-20
GREAT PLAINS_TEMPERATE SIERRAS,-0.108889631,2.05049421488012e-75,16983,5.15964195506718e-16,largest_sylls_freq_range_Hz,1.51421111252686e-74
GREAT PLAINS_TROPICAL DRY FORESTS,-0.16102099,7.87495554526829e-18,1530,5.15964195506718e-16,largest_sylls_freq_range_Hz,1.92202304833667e-17
MARINE WEST COAST FOREST_MARINE WEST COAST FOREST,0.095020651,1.37280789843376e-51,21321,5.15964195506718e-16,largest_sylls_freq_range_Hz,6.48145368440855e-51
MARINE WEST COAST FOREST_MEDITERRANEAN CALIFORNIA,-0.043062093,1.73283572560533e-25,42642,5.15964195506718e-16,largest_sylls_freq_range_Hz,5.0409766563064e-25
MARINE WEST COAST FOREST_NORTH AMERICAN DESERTS,0.112648411,2.10553976846287e-89,30222,5.15964195506718e-16,largest_sylls_freq_range_Hz,2.16569804756181e-88
MARINE WEST COAST FOREST_NORTHWESTERN FORESTED MOUNTAINS,-0.028253585,1.86176570901421e-09,34362,5.15964195506718e-16,largest_sylls_freq_range_Hz,3.08154324250627e-09
MARINE WEST COAST FOREST_SOUTHERN SEMIARID HIGHLANDS,-0.045447913,1.6819363927354e-12,17802,5.15964195506718e-16,largest_sylls_freq_range_Hz,3.14543948771296e-12
MARINE WEST COAST FOREST_TEMPERATE SIERRAS,-0.07239778,1.29004907387782e-40,22977,5.15964195506718e-16,largest_sylls_freq_range_Hz,5.08950867502482e-40
MARINE WEST COAST FOREST_TROPICAL DRY FORESTS,0.035200751,0.049841953,2070,5.15964195506718e-16,largest_sylls_freq_range_Hz,0.059316044
MEDITERRANEAN CALIFORNIA_MEDITERRANEAN CALIFORNIA,-0.010330453,0.078359611,21115,5.15964195506718e-16,largest_sylls_freq_range_Hz,0.089553841
MEDITERRANEAN CALIFORNIA_NORTH AMERICAN DESERTS,0.107621776,3.14519625540206e-81,30076,5.15964195506718e-16,largest_sylls_freq_range_Hz,2.66416623986998e-80
MEDITERRANEAN CALIFORNIA_NORTHWESTERN FORESTED MOUNTAINS,-0.008668458,0.072353835,34196,5.15964195506718e-16,largest_sylls_freq_range_Hz,0.083351618
MEDITERRANEAN CALIFORNIA_SOUTHERN SEMIARID HIGHLANDS,-0.037009976,9.61760651368093e-09,17716,5.15964195506718e-16,largest_sylls_freq_range_Hz,1.55610712131467e-08
MEDITERRANEAN CALIFORNIA_TEMPERATE SIERRAS,-0.035817597,2.03472300472242e-10,22866,5.15964195506718e-16,largest_sylls_freq_range_Hz,3.48809657952415e-10
MEDITERRANEAN CALIFORNIA_TROPICAL DRY FORESTS,0.044500769,0.016389727,2060,5.15964195506718e-16,largest_sylls_freq_range_Hz,0.020258546
NORTH AMERICAN DESERTS_NORTH AMERICAN DESERTS,0.128237596,8.96153462946176e-42,10585,5.15964195506718e-16,largest_sylls_freq_range_Hz,3.63510137082393e-41
NORTH AMERICAN DESERTS_NORTHWESTERN FORESTED MOUNTAINS,-0.014311243,0.011392392,24236,5.15964195506718e-16,largest_sylls_freq_range_Hz,0.014647361
NORTH AMERICAN DESERTS_SOUTHERN SEMIARID HIGHLANDS,-0.053278505,3.45070021949591e-12,12556,5.15964195506718e-16,largest_sylls_freq_range_Hz,6.32994689945746e-12
NORTH AMERICAN DESERTS_TEMPERATE SIERRAS,-0.023877353,0.000409331,16206,5.15964195506718e-16,largest_sylls_freq_range_Hz,0.000564054
NORTH AMERICAN DESERTS_TROPICAL DRY FORESTS,-0.140760906,6.56520395515274e-14,1460,5.15964195506718e-16,largest_sylls_freq_range_Hz,1.31304079103055e-13
NORTHWESTERN FORESTED MOUNTAINS_NORTHWESTERN FORESTED MOUNTAINS,-0.036819935,7.31755620228753e-07,13695,5.15964195506718e-16,largest_sylls_freq_range_Hz,1.09194621049679e-06
NORTHWESTERN FORESTED MOUNTAINS_SOUTHERN SEMIARID HIGHLANDS,-0.025356306,0.000631721,14276,5.15964195506718e-16,largest_sylls_freq_range_Hz,0.000858187
NORTHWESTERN FORESTED MOUNTAINS_TEMPERATE SIERRAS,-0.072018441,6.34990804672096e-31,18426,5.15964195506718e-16,largest_sylls_freq_range_Hz,2.10203852581108e-30
NORTHWESTERN FORESTED MOUNTAINS_TROPICAL DRY FORESTS,-0.033201078,0.087455301,1660,5.15964195506718e-16,largest_sylls_freq_range_Hz,0.098773046
SOUTHERN SEMIARID HIGHLANDS_SOUTHERN SEMIARID HIGHLANDS,-0.064155887,1.65702561684626e-06,3655,5.15964195506718e-16,largest_sylls_freq_range_Hz,2.43481315128431e-06
SOUTHERN SEMIARID HIGHLANDS_TEMPERATE SIERRAS,-0.103394257,7.88676900481965e-39,9546,5.15964195506718e-16,largest_sylls_freq_range_Hz,2.91203778639495e-38
SOUTHERN SEMIARID HIGHLANDS_TROPICAL DRY FORESTS,-0.063335567,0.011777077,860,5.15964195506718e-16,largest_sylls_freq_range_Hz,0.015074658
TEMPERATE SIERRAS_TEMPERATE SIERRAS,-0.078561499,2.95040954528495e-15,6105,5.15964195506718e-16,largest_sylls_freq_range_Hz,6.38885675971478e-15
TEMPERATE SIERRAS_TROPICAL DRY FORESTS,-0.070024442,0.002985967,1110,5.15964195506718e-16,largest_sylls_freq_range_Hz,0.003944764
TROPICAL DRY FORESTS_TROPICAL DRY FORESTS,0.353963683,0.013068348,45,5.15964195506718e-16,largest_sylls_freq_range_Hz,0.016507387
GREAT PLAINS_GREAT PLAINS,0.061068451,2.1120813125776e-12,11628,1.35501505285644e-16,smallest_sylls_freq_range_Hz,3.92438334207967e-12
GREAT PLAINS_MARINE WEST COAST FOREST,-0.037193626,1.7042015048994e-15,31671,1.35501505285644e-16,smallest_sylls_freq_range_Hz,3.74664147642006e-15
GREAT PLAINS_MEDITERRANEAN CALIFORNIA,0.009612913,0.053157229,31518,1.35501505285644e-16,smallest_sylls_freq_range_Hz,0.06300116
GREAT PLAINS_NORTH AMERICAN DESERTS,0.011749233,0.046112171,22338,1.35501505285644e-16,smallest_sylls_freq_range_Hz,0.055105001
GREAT PLAINS_NORTHWESTERN FORESTED MOUNTAINS,0.01005805,0.067997284,25398,1.35501505285644e-16,smallest_sylls_freq_range_Hz,0.079318346
GREAT PLAINS_SOUTHERN SEMIARID HIGHLANDS,0.111681514,9.26361134758428e-45,13158,1.35501505285644e-16,smallest_sylls_freq_range_Hz,3.92341186485923e-44
GREAT PLAINS_TEMPERATE SIERRAS,-0.059965544,1.27153821837907e-20,16983,1.35501505285644e-16,smallest_sylls_freq_range_Hz,3.35966061369882e-20
GREAT PLAINS_TROPICAL DRY FORESTS,-0.1492532,9.80237591884136e-14,1530,1.35501505285644e-16,smallest_sylls_freq_range_Hz,1.93361935933309e-13
MARINE WEST COAST FOREST_MARINE WEST COAST FOREST,-0.059217068,9.53112059082431e-27,21321,1.35501505285644e-16,smallest_sylls_freq_range_Hz,2.85933617724729e-26
MARINE WEST COAST FOREST_MEDITERRANEAN CALIFORNIA,-0.020950695,6.49476723087035e-07,42642,1.35501505285644e-16,smallest_sylls_freq_range_Hz,9.74215084630552e-07
MARINE WEST COAST FOREST_NORTH AMERICAN DESERTS,0.01963979,9.62603355431844e-05,30222,1.35501505285644e-16,smallest_sylls_freq_range_Hz,0.000134578
MARINE WEST COAST FOREST_NORTHWESTERN FORESTED MOUNTAINS,-0.002791124,0.559421794,34362,1.35501505285644e-16,smallest_sylls_freq_range_Hz,0.573357568
MARINE WEST COAST FOREST_SOUTHERN SEMIARID HIGHLANDS,0.089990488,1.39303684839296e-39,17802,1.35501505285644e-16,smallest_sylls_freq_range_Hz,5.27887647812068e-39
MARINE WEST COAST FOREST_TEMPERATE SIERRAS,-0.063102996,2.17195616771494e-28,22977,1.35501505285644e-16,smallest_sylls_freq_range_Hz,6.72605780969787e-28
MARINE WEST COAST FOREST_TROPICAL DRY FORESTS,-0.097470103,8.30981607305582e-08,2070,1.35501505285644e-16,smallest_sylls_freq_range_Hz,1.30777433280878e-07
MEDITERRANEAN CALIFORNIA_MEDITERRANEAN CALIFORNIA,0.010924258,0.06881343,21115,1.35501505285644e-16,smallest_sylls_freq_range_Hz,0.07991237
MEDITERRANEAN CALIFORNIA_NORTH AMERICAN DESERTS,0.063000935,1.10491824774608e-32,30076,1.35501505285644e-16,smallest_sylls_freq_range_Hz,3.83393319699843e-32
MEDITERRANEAN CALIFORNIA_NORTHWESTERN FORESTED MOUNTAINS,-0.005469981,0.253759781,34196,1.35501505285644e-16,smallest_sylls_freq_range_Hz,0.272697078
MEDITERRANEAN CALIFORNIA_SOUTHERN SEMIARID HIGHLANDS,0.052257943,2.07830381092849e-14,17716,1.35501505285644e-16,smallest_sylls_freq_range_Hz,4.24504608189649e-14
MEDITERRANEAN CALIFORNIA_TEMPERATE SIERRAS,-0.110187911,5.17972804679801e-87,22866,1.35501505285644e-16,smallest_sylls_freq_range_Hz,4.81213444347686e-86
MEDITERRANEAN CALIFORNIA_TROPICAL DRY FORESTS,0.0656644,0.001844322,2060,1.35501505285644e-16,smallest_sylls_freq_range_Hz,0.002470533
NORTH AMERICAN DESERTS_NORTH AMERICAN DESERTS,0.028002558,0.001353365,10585,1.35501505285644e-16,smallest_sylls_freq_range_Hz,0.001821352
NORTH AMERICAN DESERTS_NORTHWESTERN FORESTED MOUNTAINS,0.028460408,6.31891553795968e-07,24236,1.35501505285644e-16,smallest_sylls_freq_range_Hz,9.52799829807533e-07
NORTH AMERICAN DESERTS_SOUTHERN SEMIARID HIGHLANDS,0.057502273,4.34987274499492e-13,12556,1.35501505285644e-16,smallest_sylls_freq_range_Hz,8.35175567039025e-13
NORTH AMERICAN DESERTS_TEMPERATE SIERRAS,-0.058599276,2.27775662183484e-18,16206,1.35501505285644e-16,smallest_sylls_freq_range_Hz,5.60678553067038e-18
NORTH AMERICAN DESERTS_TROPICAL DRY FORESTS,-0.152342676,1.24213365966674e-12,1460,1.35501505285644e-16,smallest_sylls_freq_range_Hz,2.33813394760799e-12
NORTHWESTERN FORESTED MOUNTAINS_NORTHWESTERN FORESTED MOUNTAINS,0.087566792,1.16963082929892e-29,13695,1.35501505285644e-16,smallest_sylls_freq_range_Hz,3.66145303084879e-29
NORTHWESTERN FORESTED MOUNTAINS_SOUTHERN SEMIARID HIGHLANDS,0.083714484,4.48355245767248e-30,14276,1.35501505285644e-16,smallest_sylls_freq_range_Hz,1.43473678645519e-29
NORTHWESTERN FORESTED MOUNTAINS_TEMPERATE SIERRAS,-0.09718531,6.66043946110057e-58,18426,1.35501505285644e-16,smallest_sylls_freq_range_Hz,3.61925766942824e-57
NORTHWESTERN FORESTED MOUNTAINS_TROPICAL DRY FORESTS,-0.140416246,3.30528111666782e-12,1660,1.35501505285644e-16,smallest_sylls_freq_range_Hz,6.10205744615598e-12
SOUTHERN SEMIARID HIGHLANDS_SOUTHERN SEMIARID HIGHLANDS,0.095206785,5.44777813004707e-11,3655,1.35501505285644e-16,smallest_sylls_freq_range_Hz,9.50884909971851e-11
SOUTHERN SEMIARID HIGHLANDS_TEMPERATE SIERRAS,-0.090803366,1.60870997096184e-27,9546,1.35501505285644e-16,smallest_sylls_freq_range_Hz,4.92881352805329e-27
SOUTHERN SEMIARID HIGHLANDS_TROPICAL DRY FORESTS,0.098414754,0.002671347,860,1.35501505285644e-16,smallest_sylls_freq_range_Hz,0.003561795
TEMPERATE SIERRAS_TEMPERATE SIERRAS,-0.026502526,0.016052712,6105,1.35501505285644e-16,smallest_sylls_freq_range_Hz,0.020013771
TEMPERATE SIERRAS_TROPICAL DRY FORESTS,0.291888526,2.83620746669994e-21,1110,1.35501505285644e-16,smallest_sylls_freq_range_Hz,7.56321991119984e-21
TROPICAL DRY FORESTS_TROPICAL DRY FORESTS,0.391882714,0.027322712,45,1.35501505285644e-16,smallest_sylls_freq_range_Hz,0.033202283
GREAT PLAINS_GREAT PLAINS,0.096262658,5.82124869223341e-30,11628,-3.76E-16,avg_sylls_freq_range_Hz,1.8423292564431e-29
GREAT PLAINS_MARINE WEST COAST FOREST,-0.039663508,1.66860237923297e-17,31671,-3.76E-16,avg_sylls_freq_range_Hz,4.00464571015913e-17
GREAT PLAINS_MEDITERRANEAN CALIFORNIA,-0.022706069,2.25067296283527e-06,31518,-3.76E-16,avg_sylls_freq_range_Hz,3.29032392536323e-06
GREAT PLAINS_NORTH AMERICAN DESERTS,0.105857037,9.97490224394738e-59,22338,-3.76E-16,avg_sylls_freq_range_Hz,5.63288597305264e-58
GREAT PLAINS_NORTHWESTERN FORESTED MOUNTAINS,0.008876157,0.107276621,25398,-3.76E-16,avg_sylls_freq_range_Hz,0.119750646
GREAT PLAINS_SOUTHERN SEMIARID HIGHLANDS,0.119856374,2.23208652290665e-46,13158,-3.76E-16,avg_sylls_freq_range_Hz,9.7400139181381e-46
GREAT PLAINS_TEMPERATE SIERRAS,-0.120031975,6.90387319922735e-93,16983,-3.76E-16,avg_sylls_freq_range_Hz,7.64736723606722e-92
GREAT PLAINS_TROPICAL DRY FORESTS,-0.163556934,2.25253731683715e-16,1530,-3.76E-16,avg_sylls_freq_range_Hz,5.18984597799279e-16
MARINE WEST COAST FOREST_MARINE WEST COAST FOREST,-0.039496378,4.86775748914573e-12,21321,-3.76E-16,avg_sylls_freq_range_Hz,8.87287441059474e-12
MARINE WEST COAST FOREST_MEDITERRANEAN CALIFORNIA,-0.046795783,2.82150117353938e-30,42642,-3.76E-16,avg_sylls_freq_range_Hz,9.13025098853193e-30
MARINE WEST COAST FOREST_NORTH AMERICAN DESERTS,0.09712313,6.53904758621706e-69,30222,-3.76E-16,avg_sylls_freq_range_Hz,4.48391834483455e-68
MARINE WEST COAST FOREST_NORTHWESTERN FORESTED MOUNTAINS,-0.016899755,0.000296705,34362,-3.76E-16,avg_sylls_freq_range_Hz,0.000410822
MARINE WEST COAST FOREST_SOUTHERN SEMIARID HIGHLANDS,0.094918504,7.69969726586157e-39,17802,-3.76E-16,avg_sylls_freq_range_Hz,2.879886769569e-38
MARINE WEST COAST FOREST_TEMPERATE SIERRAS,-0.1037495,7.46178374658711e-88,22977,-3.76E-16,avg_sylls_freq_range_Hz,7.16331239672362e-87
MARINE WEST COAST FOREST_TROPICAL DRY FORESTS,-0.032693249,0.100413546,2070,-3.76E-16,avg_sylls_freq_range_Hz,0.112965239
MEDITERRANEAN CALIFORNIA_MEDITERRANEAN CALIFORNIA,-0.001895937,0.747390622,21115,-3.76E-16,avg_sylls_freq_range_Hz,0.760595403
MEDITERRANEAN CALIFORNIA_NORTH AMERICAN DESERTS,0.125408157,6.93904382490426e-109,30076,-3.76E-16,avg_sylls_freq_range_Hz,9.5164029598687e-108
MEDITERRANEAN CALIFORNIA_NORTHWESTERN FORESTED MOUNTAINS,0.007303262,0.134258567,34196,-3.76E-16,avg_sylls_freq_range_Hz,0.148717181
MEDITERRANEAN CALIFORNIA_SOUTHERN SEMIARID HIGHLANDS,-0.007584679,0.251596848,17716,-3.76E-16,avg_sylls_freq_range_Hz,0.271385364
MEDITERRANEAN CALIFORNIA_TEMPERATE SIERRAS,-0.115349899,5.54441092831571e-109,22866,-3.76E-16,avg_sylls_freq_range_Hz,7.98395173677462e-108
MEDITERRANEAN CALIFORNIA_TROPICAL DRY FORESTS,0.136295054,8.30301244032571e-09,2060,-3.76E-16,avg_sylls_freq_range_Hz,1.35099863435808e-08
NORTH AMERICAN DESERTS_NORTH AMERICAN DESERTS,0.09738659,1.90394144934303e-25,10585,-3.76E-16,avg_sylls_freq_range_Hz,5.48335137410791e-25
NORTH AMERICAN DESERTS_NORTHWESTERN FORESTED MOUNTAINS,0.032907313,1.31142425795686e-08,24236,-3.76E-16,avg_sylls_freq_range_Hz,2.11000104073505e-08
NORTH AMERICAN DESERTS_SOUTHERN SEMIARID HIGHLANDS,-0.011395704,0.13091429,12556,-3.76E-16,avg_sylls_freq_range_Hz,0.145572646
NORTH AMERICAN DESERTS_TEMPERATE SIERRAS,-0.060643473,1.02442779689134e-21,16206,-3.76E-16,avg_sylls_freq_range_Hz,2.78335099532741e-21
NORTH AMERICAN DESERTS_TROPICAL DRY FORESTS,-0.149828395,1.13017361530857e-14,1460,-3.76E-16,avg_sylls_freq_range_Hz,2.39330883241815e-14
NORTHWESTERN FORESTED MOUNTAINS_NORTHWESTERN FORESTED MOUNTAINS,0.061880449,1.75825285475903e-15,13695,-3.76E-16,avg_sylls_freq_range_Hz,3.83618804674697e-15
NORTHWESTERN FORESTED MOUNTAINS_SOUTHERN SEMIARID HIGHLANDS,0.095928086,6.93777451403573e-35,14276,-3.76E-16,avg_sylls_freq_range_Hz,2.46676427165715e-34
NORTHWESTERN FORESTED MOUNTAINS_TEMPERATE SIERRAS,-0.102249764,1.71392813533842e-69,18426,-3.76E-16,avg_sylls_freq_range_Hz,1.20393000726211e-68
NORTHWESTERN FORESTED MOUNTAINS_TROPICAL DRY FORESTS,-0.138885859,1.99774605746787e-16,1660,-3.76E-16,avg_sylls_freq_range_Hz,4.63992632702215e-16
SOUTHERN SEMIARID HIGHLANDS_SOUTHERN SEMIARID HIGHLANDS,0.159925234,7.85571613132031e-25,3655,-3.76E-16,avg_sylls_freq_range_Hz,2.19654975322354e-24
SOUTHERN SEMIARID HIGHLANDS_TEMPERATE SIERRAS,-0.143896809,1.05023429900321e-78,9546,-3.76E-16,avg_sylls_freq_range_Hz,8.64192794608357e-78
SOUTHERN SEMIARID HIGHLANDS_TROPICAL DRY FORESTS,-0.155041729,9.76622987700673e-10,860,-3.76E-16,avg_sylls_freq_range_Hz,1.64483871612745e-09
TEMPERATE SIERRAS_TEMPERATE SIERRAS,-0.129150246,1.39126687009701e-41,6105,-3.76E-16,avg_sylls_freq_range_Hz,5.56506748038804e-41
TEMPERATE SIERRAS_TROPICAL DRY FORESTS,-0.144085587,3.34860693531656e-10,1110,-3.76E-16,avg_sylls_freq_range_Hz,5.70650175959272e-10
TROPICAL DRY FORESTS_TROPICAL DRY FORESTS,0.29741806,0.068026498,45,-3.76E-16,avg_sylls_freq_range_Hz,0.079318346